count,Forwarder-time,Forwarder-average_time,Replica-1-time,Replica-1-average_time,Replica-2-time,Replica-2-average_time,Buffer-time,Buffer-average_time
1625016,0.0740919519998,4.5594598453e-08,0.585119759,3.6007015254e-07,0.596796819999,3.67255965479e-07,
1625624,0.0741482719998,4.56121907647e-08,0.614061863002,3.77739171544e-07,0.637994269998,3.92461153377e-07
1625844,0.0736932659997,4.53261604433e-08,0.569357088,3.5019170843e-07,0.590349870998,3.63103637863e-07
1625348,0.0741869359997,4.56437242977e-08,0.349953081,